-- phpMyAdmin SQL Dump
-- version 5.1.1
-- https://www.phpmyadmin.net/
--
-- Host: 127.0.0.1
-- Waktu pembuatan: 15 Nov 2021 pada 01.53
-- Versi server: 10.4.21-MariaDB
-- Versi PHP: 8.0.10

SET SQL_MODE = "NO_AUTO_VALUE_ON_ZERO";
START TRANSACTION;
SET time_zone = "+00:00";


/*!40101 SET @OLD_CHARACTER_SET_CLIENT=@@CHARACTER_SET_CLIENT */;
/*!40101 SET @OLD_CHARACTER_SET_RESULTS=@@CHARACTER_SET_RESULTS */;
/*!40101 SET @OLD_COLLATION_CONNECTION=@@COLLATION_CONNECTION */;
/*!40101 SET NAMES utf8mb4 */;

--
-- Database: `kuisioner`
--

-- --------------------------------------------------------

--
-- Struktur dari tabel `admin`
--

CREATE TABLE `admin` (
  `id_admin` int(11) NOT NULL,
  `username` varchar(10) NOT NULL,
  `password` varchar(255) NOT NULL
) ENGINE=InnoDB DEFAULT CHARSET=utf8mb4;

--
-- Dumping data untuk tabel `admin`
--

INSERT INTO `admin` (`id_admin`, `username`, `password`) VALUES
(1, 'admin', 'admin');

-- --------------------------------------------------------

--
-- Struktur dari tabel `fakultas`
--

CREATE TABLE `fakultas` (
  `id_fakultas` int(11) NOT NULL,
  `nama_fakultas` varchar(50) NOT NULL
) ENGINE=InnoDB DEFAULT CHARSET=utf8mb4;

--
-- Dumping data untuk tabel `fakultas`
--

INSERT INTO `fakultas` (`id_fakultas`, `nama_fakultas`) VALUES
(1, 'Fakultas Ekonomi dan Bisnis'),
(2, 'Fakultas Hukum'),
(3, 'Fakultas Keguruan dan Ilmu Pendidikan'),
(4, 'Fakultas Agama Islam'),
(5, 'Fakultas Teknik'),
(6, 'Fakultas Ilmu Kesehatan'),
(7, 'Fakultas Psikologi dan Humaniora');

-- --------------------------------------------------------

--
-- Struktur dari tabel `hasil`
--

CREATE TABLE `hasil` (
  `id_hasil` int(10) NOT NULL,
  `id_pertanyaan` int(10) DEFAULT NULL,
  `npm` varchar(50) DEFAULT NULL,
  `jawaban` text NOT NULL
) ENGINE=InnoDB DEFAULT CHARSET=utf8mb4;

--
-- Dumping data untuk tabel `hasil`
--

INSERT INTO `hasil` (`id_hasil`, `id_pertanyaan`, `npm`, `jawaban`) VALUES
(22, 6, '17.0504.0078', 'Sangat baik'),
(23, 7, '17.0504.0078', 'Netral'),
(24, 6, '17.0504.111', 'Baik'),
(25, 7, '17.0504.111', 'Kurang');

-- --------------------------------------------------------

--
-- Struktur dari tabel `mahasiswa`
--

CREATE TABLE `mahasiswa` (
  `npm` varchar(50) NOT NULL,
  `nama` varchar(25) NOT NULL,
  `nomor_handphone` int(15) NOT NULL,
  `id_prodi` int(10) NOT NULL,
  `id_fakultas` int(11) NOT NULL
) ENGINE=InnoDB DEFAULT CHARSET=utf8mb4;

--
-- Dumping data untuk tabel `mahasiswa`
--

INSERT INTO `mahasiswa` (`npm`, `nama`, `nomor_handphone`, `id_prodi`, `id_fakultas`) VALUES
('17.0504.0078', 'MUCHAMAD FAJAR NUGROHO', 97787, 14, 5),
('17.0504.111', 'BUDI WALUYO', 89749628, 1, 1);

-- --------------------------------------------------------

--
-- Struktur dari tabel `pertanyaan`
--

CREATE TABLE `pertanyaan` (
  `id_pertanyaan` int(10) NOT NULL,
  `pertanyaan` text NOT NULL,
  `jwb5` varchar(20) NOT NULL,
  `jwb4` varchar(20) NOT NULL,
  `jwb3` varchar(20) NOT NULL,
  `jwb2` varchar(20) NOT NULL,
  `jwb1` varchar(20) NOT NULL
) ENGINE=InnoDB DEFAULT CHARSET=utf8mb4;

--
-- Dumping data untuk tabel `pertanyaan`
--

INSERT INTO `pertanyaan` (`id_pertanyaan`, `pertanyaan`, `jwb5`, `jwb4`, `jwb3`, `jwb2`, `jwb1`) VALUES
(6, '<p>\n	1. Apakah mocca membantu anda dalam belajar ?</p>\n', 'Sangat baik', 'Baik', 'Netral', 'Kurang', 'Sangat kurang'),
(7, '<p>\n	2. Menurut anda moca baik ?</p>\n', 'Sangat baik', 'Baik', 'Netral', 'Kurang', 'Sangat kurang');

-- --------------------------------------------------------

--
-- Struktur dari tabel `prodi`
--

CREATE TABLE `prodi` (
  `id_prodi` int(10) NOT NULL,
  `nama_prodi` varchar(50) NOT NULL
) ENGINE=InnoDB DEFAULT CHARSET=utf8mb4;

--
-- Dumping data untuk tabel `prodi`
--

INSERT INTO `prodi` (`id_prodi`, `nama_prodi`) VALUES
(1, 'Manajemen (S-1)'),
(2, 'Akuntansi (S-1)'),
(3, 'Ilmu Hukum (S-1)'),
(4, 'Bimbingan Konseling (S-1)'),
(5, 'Pendidikan Guru PAUD (S-1)'),
(6, 'Pendidikan Guru SD (S-1)'),
(7, 'Pendidikan Agama Islam (S-1)'),
(8, 'Hukum Ekonomi Syaria'),
(9, 'Pendidikan Guru Madrasah Ibtidaiyah (S-1)'),
(10, 'Manajemen Pendidikan Islam (S-2)'),
(11, 'Teknik Industri (S-1)'),
(12, 'Teknik Informatika (D-3)'),
(13, 'Teknik Otomotif (D-3)'),
(14, 'Teknik Informatika (S-1)'),
(15, 'Ilmu Keperawatan (S-1)'),
(16, 'Keperawatan (D-3)'),
(17, 'Farmasi (S-1)'),
(18, 'Farmasi (D-3)'),
(19, 'Profesi Ners'),
(20, 'Psikologi (S-1)'),
(21, 'Ilmu Komunikasi (S-1)');

--
-- Indexes for dumped tables
--

--
-- Indeks untuk tabel `admin`
--
ALTER TABLE `admin`
  ADD PRIMARY KEY (`id_admin`);

--
-- Indeks untuk tabel `fakultas`
--
ALTER TABLE `fakultas`
  ADD PRIMARY KEY (`id_fakultas`);

--
-- Indeks untuk tabel `hasil`
--
ALTER TABLE `hasil`
  ADD PRIMARY KEY (`id_hasil`),
  ADD KEY `mahasiswa` (`npm`) USING BTREE,
  ADD KEY `pertanyaan` (`id_pertanyaan`) USING BTREE;

--
-- Indeks untuk tabel `mahasiswa`
--
ALTER TABLE `mahasiswa`
  ADD PRIMARY KEY (`npm`),
  ADD UNIQUE KEY `id_prodi` (`id_prodi`,`id_fakultas`),
  ADD KEY `id_fakultas` (`id_fakultas`);

--
-- Indeks untuk tabel `pertanyaan`
--
ALTER TABLE `pertanyaan`
  ADD PRIMARY KEY (`id_pertanyaan`);

--
-- Indeks untuk tabel `prodi`
--
ALTER TABLE `prodi`
  ADD PRIMARY KEY (`id_prodi`);

--
-- AUTO_INCREMENT untuk tabel yang dibuang
--

--
-- AUTO_INCREMENT untuk tabel `admin`
--
ALTER TABLE `admin`
  MODIFY `id_admin` int(11) NOT NULL AUTO_INCREMENT, AUTO_INCREMENT=2;

--
-- AUTO_INCREMENT untuk tabel `fakultas`
--
ALTER TABLE `fakultas`
  MODIFY `id_fakultas` int(11) NOT NULL AUTO_INCREMENT, AUTO_INCREMENT=8;

--
-- AUTO_INCREMENT untuk tabel `hasil`
--
ALTER TABLE `hasil`
  MODIFY `id_hasil` int(10) NOT NULL AUTO_INCREMENT, AUTO_INCREMENT=26;

--
-- AUTO_INCREMENT untuk tabel `pertanyaan`
--
ALTER TABLE `pertanyaan`
  MODIFY `id_pertanyaan` int(10) NOT NULL AUTO_INCREMENT, AUTO_INCREMENT=8;

--
-- AUTO_INCREMENT untuk tabel `prodi`
--
ALTER TABLE `prodi`
  MODIFY `id_prodi` int(10) NOT NULL AUTO_INCREMENT, AUTO_INCREMENT=22;

--
-- Ketidakleluasaan untuk tabel pelimpahan (Dumped Tables)
--

--
-- Ketidakleluasaan untuk tabel `hasil`
--
ALTER TABLE `hasil`
  ADD CONSTRAINT `hasil_ibfk_2` FOREIGN KEY (`npm`) REFERENCES `mahasiswa` (`npm`),
  ADD CONSTRAINT `hasil_ibfk_3` FOREIGN KEY (`id_pertanyaan`) REFERENCES `pertanyaan` (`id_pertanyaan`);

--
-- Ketidakleluasaan untuk tabel `mahasiswa`
--
ALTER TABLE `mahasiswa`
  ADD CONSTRAINT `mahasiswa_ibfk_1` FOREIGN KEY (`id_prodi`) REFERENCES `prodi` (`id_prodi`),
  ADD CONSTRAINT `mahasiswa_ibfk_2` FOREIGN KEY (`id_fakultas`) REFERENCES `fakultas` (`id_fakultas`);
COMMIT;

/*!40101 SET CHARACTER_SET_CLIENT=@OLD_CHARACTER_SET_CLIENT */;
/*!40101 SET CHARACTER_SET_RESULTS=@OLD_CHARACTER_SET_RESULTS */;
/*!40101 SET COLLATION_CONNECTION=@OLD_COLLATION_CONNECTION */;
